size,qr_time,power_time,numpy_time
10,,0.0010035037994384766,0.004994869232177734
30,,0.0,0.0010006427764892578
50,,0.0,0.0009875297546386719
80,,0.0005576610565185547,0.0030202865600585938
