condition_number,qr_error,power_error
10,,9.430337669869004e-06
1000,,8.357734433417363e-06
100000,,8.266311391835757e-06
